{"cameraMode":{"drawMode":0,"name":"Shaded","section":"Shading Mode"},"sceneLighting":true,"audioPlay":false,"sceneViewState":{"showFog":true,"showMaterialUpdate":true,"showSkybox":false,"showFlares":true,"showImageEffects":true,"showParticleSystems":true,"showVisualEffectGraphs":true,"m_FxEnabled":false},"in2DMode":false,"pivot":{"x":-0.2565130591392517,"y":0.09836480021476746,"z":-0.08931052684783936},"rotation":{"x":0.0035015090834349396,"y":0.9927175045013428,"z":-0.11668083071708679,"w":0.0297906082123518},"size":0.7048110961914063,"orthographic":false}