{"cameraMode":{"drawMode":0,"name":"Shaded","section":"Shading Mode"},"sceneLighting":true,"audioPlay":false,"sceneViewState":{"showFog":true,"showMaterialUpdate":true,"showSkybox":false,"showFlares":true,"showImageEffects":true,"showParticleSystems":true,"showVisualEffectGraphs":true,"m_FxEnabled":false},"in2DMode":false,"pivot":{"x":-0.036914318799972537,"y":0.0924520194530487,"z":-0.033502817153930667},"rotation":{"x":0.008454034104943276,"y":0.9867976307868958,"z":-0.15216921269893647,"w":0.05482369288802147},"size":0.6367446184158325,"orthographic":false}