{"cameraMode":{"drawMode":0,"name":"Shaded","section":"Shading Mode"},"sceneLighting":true,"audioPlay":false,"sceneViewState":{"showFog":true,"showMaterialUpdate":true,"showSkybox":true,"showFlares":true,"showImageEffects":true,"showParticleSystems":true,"showVisualEffectGraphs":true,"m_FxEnabled":true},"in2DMode":false,"pivot":{"x":-0.5476776361465454,"y":1.5072827339172364,"z":-5.143282890319824},"rotation":{"x":0.14998425543308259,"y":-0.06668239086866379,"z":0.010139462538063527,"w":0.9863871932029724},"size":6.217782497406006,"orthographic":false}