{"cameraMode":{"drawMode":0,"name":"Shaded","section":"Shading Mode"},"sceneLighting":true,"audioPlay":false,"sceneViewState":{"showFog":true,"showMaterialUpdate":true,"showSkybox":true,"showFlares":true,"showImageEffects":true,"showParticleSystems":true,"showVisualEffectGraphs":true,"m_FxEnabled":true},"in2DMode":false,"pivot":{"x":15.809859275817871,"y":36.33846664428711,"z":4.525932312011719},"rotation":{"x":0.28137779235839846,"y":-0.06471100449562073,"z":0.019022509455680848,"w":0.9572266936302185},"size":60.02767562866211,"orthographic":false}