{"cameraMode":{"drawMode":0,"name":"Shaded","section":"Shading Mode"},"sceneLighting":true,"audioPlay":false,"sceneViewState":{"showFog":true,"showMaterialUpdate":true,"showSkybox":true,"showFlares":true,"showImageEffects":true,"showParticleSystems":true,"showVisualEffectGraphs":true,"m_FxEnabled":false},"in2DMode":false,"pivot":{"x":-0.8489492535591126,"y":0.5943408012390137,"z":-5.473304748535156},"rotation":{"x":-0.0006478923605754972,"y":0.9984729886054993,"z":-0.05396978184580803,"w":-0.011982087045907975},"size":7.553341388702393,"orthographic":false}