{"cameraMode":{"drawMode":0,"name":"Shaded","section":"Shading Mode"},"sceneLighting":true,"audioPlay":false,"sceneViewState":{"showFog":true,"showMaterialUpdate":true,"showSkybox":true,"showFlares":true,"showImageEffects":true,"showParticleSystems":true,"showVisualEffectGraphs":true,"m_FxEnabled":true},"in2DMode":false,"pivot":{"x":1.469113826751709,"y":0.22292232513427735,"z":-3.662745475769043},"rotation":{"x":0.09211736172437668,"y":0.18558305501937867,"z":-0.01747775450348854,"w":0.9781501889228821},"size":6.359010219573975,"orthographic":false}